order_id,title,rating
702,Goodfellas,100
631,Dear Basketball,100
628,Save Ralph,100
464,It's a Wonderful Life,100
176,Parasite,100
117,Inception,100
74,Pulp Fiction,100
73,Inglorious Basterds,100
59,La La Land,100
52,Blade Runner 2049,100
3,Prisoners,100
102,Nightcrawler,99
87,Interstellar,99
44,Se7en,99
35,The Dark Knight,99
189,Ocean's Eleven,98
106,The Nice Guys,98
36,The Dark Knight Rises,98
697,Wallace and Gromit in A Close Shave,97
486,The Apartment,97
110,Star Wars,97
56,No Country for Old Men,97
55,The Godfather,97
48,Blade Runner,97
629,Bao,96
462,M,96
320,Dr. Strangelove,96
311,Spirited Away,96
248,Kiss Kiss Bang Bang,96
222,Oldboy,96
136,12 Angry Men,96
70,The Big Short,96
49,Iron Man,96
1,Arrival,96
684,The Yankee Doodle Mouse,95
630,The Cat Concerto,95
522,Top Gun: Maverick,95
490,The Batman,95
480,The Hunt,95
466,The Bridge on the River Kwai,95
436,Casablanca,95
425,A Clockwork Orange,95
401,The Manchurian Candidate,95
396,The Maltese Falcon,95
368,Kabhi Khushi Khabhie Gham,95
313,North by Northwest,95
212,1917,95
197,Drive,95
182,Ford v. Ferrari,95
109,Toy Story,95
65,Dunkirk,95
38,Avengers: Infinity War,95
25,The Edge of Seventeen,95
699,The French Connection,94
657,Logan,94
591,Cars,94
582,The King of Comedy,94
546,Sunset Boulevard,94
713,The Iron Giant,93
680,Mouse Trouble,93
190,Marriage Story,93
116,Memento,93
108,Hereditary,93
92,BlacKkKlansman,93
784,Cinema Paradiso,92
718,Gladiator,92
672,The Goonies,92
568,Spider-Man: Across the Spider-Verse,92
389,Another Round,92
357,The Hateful Eight,92
300,Indiana Jones and the Temple of Doom,92
287,War for the Planet of the Apes,92
113,Spider-Man: Into the Spider-Verse,92
740,Magnolia,91
646,Dune: Part Two,91
611,Poor Things,91
503,"Everything, Everywhere, All At Once",91
479,Lost in Translation,91
419,DUNE,91
223,Toy Story 4,91
88,There Will Be Blood,91
62,Avengers: Endgame,91
639,Anatomy of a Fall,90
583,Wildlife,90
543,"""Sr.""",90
542,Cha Cha Real Smooth,90
440,Spider-Man: No Way Home,90
362,The Place Beyond the Pines,89
478,Brick,88
467,Charade,88
127,Mission Impossible: Ghost Protocol,88
85,Fargo,88
46,Sicario,88
42,Whiplash,88
7,The Grand Budapest Hotel,88
468,The Killing,87
463,The Great Dictator,87
314,Monty Python and the Holy Grail,87
306,The Godfather Part II,87
247,Rear Window,87
188,The Meyerowitz Stories (New and Selected),87
173,Phantom Thread,87
98,The Girl with the Dragon Tattoo,87
89,Kill Bill: Vol. 1,87
45,Mad Max: Fury Road,87
721,Akira,86
719,Willy Wonka and the Chocolate Factory,86
501,Fantastic Mr. Fox,86
494,Belfast,86
475,Leon: The Professional,86
310,"The Good, the Bad, and the Ugly",86
298,Raiders of the Lost Ark,86
290,Tropic Thunder,86
211,Friday,86
162,Nocturnal Animals,86
149,Superbad,86
146,Rush Hour,86
135,Incendies,86
101,The Wolf of Wall Street,86
100,Terminator 2: Judgement Day,86
57,The Prestige,86
29,Gone Girl,86
22,Room,86
741,High and Low,85
720,Ordinary People,85
673,Vanilla Sky,85
642,Planet of the Apes,85
530,After Hours,85
481,Portrait of a Lady on Fire,85
301,The Handmaiden,85
257,mother!,85
220,The Empire Strikes Back,85
205,Knives Out,85
169,The Game,85
133,Seven Samurai,85
119,Punch-Drunk Love,85
115,Alien,85
90,The Silence of the Lambs,85
20,Zodiac,85
6,12 Years a Slave,85
696,Wallace and Gromit in The Wrong Trousers,84
655,X-Men: Days of Future Past,84
648,Training Day,84
626,The Cabinet of Dr. Caligari,84
571,Oppenheimer,84
496,Primer,84
458,The General,84
439,Spencer,84
406,Spider-Man 2,84
339,TENET,84
326,The Conversation,84
323,Boyz n the Hood,84
316,Chinatown,84
217,The Departed,84
207,2001: A Space Odyssey,84
160,Ex Machina,84
124,Aliens,84
107,Wind River,84
103,The Revenant,84
51,The Avengers,84
41,Casino Royale,84
13,Enemy,84
712,Butch Cassidy and the Sundance Kid,83
664,Puss in Boots: The Last Wish,83
643,Nope,83
637,Lawrence of Arabia,83
545,GdT's Pinocchio,83
538,Babylon,83
482,Da 5 Bloods,83
355,Promising Young Woman,83
305,Jaws,83
280,The Return of the King,83
259,Harry Potter and the Prisoner of Azkaban,83
202,Ocean's Twelve,83
185,Hell or High Water,83
104,The Shining,83
95,A Star is Born,83
27,Birdman,83
765,Alien: Romulus,82
760,Dr. Jekyll and Mr. Mouse,82
747,Society of the Snow,82
727,Rosemary's Baby,82
700,Carol,82
692,The Lady Vanishes,82
665,La Jetee,82
556,Shrek,82
512,Mr. & Mrs. Smith,82
505,Demon Slayer - The Movie: Mugen Train,82
421,The Lobster,82
365,The Trial of the Chicago 7,82
360,Judas and the Black Messiah,82
342,Soul,82
297,The Hunt for Red October,82
294,Escape from New York,82
281,The Adventures of Tintin,82
272,Harry Potter and the Deathly Hallows Part 1,82
260,Argo,82
231,Memories of Murder,82
215,Skyfall,82
208,10 Cloverfield Lane,82
148,Good Time,82
139,Boogie Nights,82
31,American Psycho,82
783,Past Lives,81
752,Paths of Glory,81
707,Tee for Two,81
669,Triangle of Sadness,81
612,The Holdovers,81
607,Saltburn,81
567,Oblivion,81
366,Andhadhun,81
347,Spider-Man: Homecoming,81
239,Her,81
235,Dial M for Murder,81
142,Snowpiercer,81
754,The Wizard of Oz,80
682,The Million Dollar Cat,80
564,Guardians of the Galaxy Vol. 3,80
402,The Green Knight,80
384,The Queen's Gambit,80
307,The Last Dance,80
228,Little Women,80
225,The Two Popes,80
477,Eyes Wide Shut,79
403,21 Jump Street,79
181,Manchester by the Sea,79
153,Airplane!,79
132,The Third Man,79
14,Children of Men,79
787,Wallace & Gromit: Vengeance Most Fowl,78
563,Tucker and Dale vs. Evil,78
404,22 Jump Street,78
334,Guardians of the Galaxy,78
184,Uncut Gems,78
183,Inside Llewyn Davis,78
163,Rounders,78
151,Taxi Driver,78
80,Edge of Tomorrow,78
19,Moon,78
18,Gone Baby Gone,78
8,Django Unchained,78
789,The Driver,77
724,Wallace and Gromit in The Curse of the Were-Rabbit,77
531,Network,77
526,Smile,77
459,The Invisible Man (2020),77
430,"tick, tick...BOOM!",77
394,Rope ,77
392,Double Indemnity,77
349,The Cabin in the Woods,77
302,A Quiet Place,77
286,Dawn of the Planet of the Apes,77
285,Layer Cake,77
241,Clue,77
237,"Lock, Stock, and Two Smoking Barrels",77
199,Rush Hour 2,77
194,Game Night,77
143,Logan Lucky,77
138,The Favourite,77
112,Kill Bill Vol. 2,77
83,Horrible Bosses,77
66,Psycho,77
39,Reservoir Dogs,77
788,Nosferatu,76
744,The Raid,76
731,Smokey and the Bandit,76
711,Deadpool and Wolverine,76
694,Challengers,76
691,Whiplash (2013),76
668,Risky Business,76
667,Dirty Harry,76
666,12 Monkeys,76
636,Barbie,76
573,Predestination,76
532,My Cousin Vinny,76
517,"Good Morning, Vietnam",76
465,The Searchers,76
444,No Time to Die,76
395,The Suicide Squad,76
391,Sanju,76
388,Polytechnique,76
341,Shutter Island,76
284,3:10 to Yuma,76
274,Heat,76
265,Harry Potter and the Goblet of Fire,76
264,Green Room,76
255,The Town,76
252,The Gentleman,76
233,Sherlock Jr.,76
227,Jojo Rabbit,76
226,How To Train Your Dragon: The Hidden World,76
193,"South Park: Bigger, Longer, Uncut",76
171,Fight Club,76
161,Star Wars: The Force Awakens,76
129,Collateral,76
96,The Thing,76
69,John Wick,76
34,Batman Begins,76
786,The Abyss,75
745,8 1/2,75
695,Goldfinger,75
677,Mice Follies,75
676,The Bear (1998),75
675,Shrek 2,75
641,Air Force One,75
598,Godzilla Minus One,75
570,Mission: Impossible - Dead Reckoning,75
560,Train to Busan,75
514,Mission: Impossible,75
493,The Fighter,75
474,Scarface,75
471,A Few Good Men,75
450,The Mitchells vs. the Machines,75
358,Jerry Maguire,75
321,Palm Springs,75
318,Raging Bull,75
273,Harry Potter and the Deathly Hallows Part 2,75
262,Napoleon Dynamite,75
242,The Talented Mr. Ripley,75
238,Vertigo,75
221,Citizen Kane,75
210,L.A. Confidential,75
165,One Flew Over the Cuckoo's Nest,75
152,Joker,75
128,"Three Billboards, outside Ebbing, Missouri",75
97,Paddington 2,75
79,Zombieland,75
43,Rain Man,75
779,Project X,74
777,Once Upon a Time in America,74
757,Spellbound,74
703,Deadpool,74
671,The Killing of a Sacred Deer,74
660,Werewolf By Night,74
622,American Fiction,74
619,A Trip to the Moon,74
615,Teenage Mutant Ninja Turtles: Mutant Meyhem ,74
613,Blackberry,74
601,Eileen,74
594,The Killer,74
586,Lady Bird,74
574,Sound of Freedom,74
561,Coherence,74
541,Emily the Criminal,74
483,Sound of Metal,74
418,Burn After Reading,74
371,A Quiet Place Part II,74
250,Insomnia,74
216,Pain and Glory,74
191,The Matrix,74
166,Incredibles 2,74
154,Ip Man,74
53,Captain America: The Winter Soldier,74
771,Fast Five,73
750,South Park: The 25th Anniversary Concert,73
729,Bride of Frankenstein,73
726,Sleuth (1972),73
716,The Missing Mouse,73
698,Wallace and Gromit in A Grand Day Out,73
678,Blue Cat Blues,73
659,Hit Man,73
653,X-Men: First Class,73
608,Maestro,73
600,Bottoms,73
597,Killers of the Flower Moon,73
534,Witness for the Prosecution,73
437,Hotel Rwanda,73
370,Bridge of Spies,73
344,Slumdog Millionaire,73
317,High Noon,73
308,Halloween,73
291,Unforgiven,73
268,Harry Potter and the Half-Blood Prince,73
251,Burning,73
245,Shine,73
218,Klaus,73
201,Hustlers,73
168,The Irishman,73
164,Moonlight,73
71,John Wick: Chapter 2,73
60,Captain America: Civil War,73
12,The Green Mile,73
785,A Real Pain,72
767,The Fast and The Furious,72
758,The Last Samurai,72
705,Don't Breathe,72
551,Roman J. Israel Esq.,72
510,Possessor,72
495,Jujutsu Kaisen 0,72
454,Licorice Pizza,72
420,First Man,72
363,The Aviator,72
299,For a Few Dollars More,72
277,The Two Towers,72
187,The Master,72
179,Ad Astra,72
175,The Lighthouse,72
126,Roma,72
64,Requiem for a Dream,72
61,Thor: Ragnarok,72
47,The Death of Stalin,72
638,All of Us Strangers,71
635,The Big Shave,71
592,The Cameraman,71
590,Surf's Up,71
557,The Invisible Man (1933),71
536,The Northman,71
499,Psych 3: This is Gus,71
438,The Last Duel,71
422,The Harder They Fall,71
375,In the Heights,71
374,Road to Perdition,71
322,The Pink Panther,71
282,World War Z,71
276,Just Mercy,71
240,The Assassination of Jesse James by the Coward Robert Ford,71
144,Once Upon A Time...in Hollywood,71
86,The Blues Brothers,71
746,"Crouching Tiger, Hidden Dragon",70
645,The Greatest Night in Pop,70
634,Steamboat Willie,70
627,Ferrari,70
595,Bye Bye Barry,70
565,Air,70
518,Hustle,70
497,Psych: The Movie,70
488,The Day the Earth Stood Still,70
337,Hamilton,70
156,Dolemite is My Name,70
130,Spider-Man: Far From Home,70
121,ANIMA,70
736,Force Majeure,69
469,The Graduate,69
460,Metropolis,69
405,Spider-Man,69
379,Panic Room,69
373,Gravity,69
275,The Fellowship of the Ring,69
140,Snatch,69
137,Jackie Brown,69
4,"Crazy, Stupid, Love",69
690,Bottle Rocket,68
585,Midnight in Paris,68
524,Bullet Train,68
393,Upgrade ,68
338,Doctor Strange,68
335,Ant-Man,68
292,The Fugitive,68
283,Infernal Affairs,68
232,Batman: Mask of the Phantasm,68
177,Harry Potter and the Philosopher's Stone,68
134,Strangers on a Train,68
105,The Usual Suspects,68
99,The Terminator,68
91,Horrible Bosses 2,68
33,Transformers,68
9,Shaun of the Dead,68
751,WarGames,67
650,X2,67
621,Fantastic Planet,67
470,Rocky,67
443,Nightmare Alley,67
407,The Birds,67
356,Dragged Across Concrete,67
324,Mean Streets,67
278,Leave No Trace,67
243,Pirates of the Caribbean: Curse of the Black Pearl,67
209,Ocean's Thirteen,67
192,The Other Guys,67
170,Popstar: Never Stop Stopping,67
84,Mulholland Drive,67
77,Booksmart,67
50,Iron Man 2,67
30,Life,67
11,"O Brother, Where Art Thou?",67
737,The Prince of Egypt,66
704,Deadpool 2,66
687,Serpico,66
654,The Wolverine,66
605,The Boy and the Heron,66
559,Glass Onion: A Knives Out Mystery,66
519,Top Gun,66
492,Ted,66
491,28 Days Later,66
487,Us,66
473,Die Hard,66
472,The Exorcist,66
451,King Richard,66
408,Shang-Chi and the Legend of the Ten Rings,66
367,Nobody,66
319,Apocalypse Now,66
315,Touch of Evil,66
267,Dead Poets Society,66
266,Harry Potter and the Order of the Phoenix,66
254,RockNRolla,66
111,Looper,66
67,Demolition,66
10,Hot Fuzz,66
742,King Kong (1933),65
734,The Mist,65
709,If Beale Street Could Talk,65
688,Contact,65
658,The Fall Guy,65
649,X-Men,65
548,Puss in Boots,65
509,Harold & Kumar Go to White Castle,65
455,Cruella,65
387,Speed,65
378,The Karate Kid (1984),65
352,Zack Snyder's Justice League,65
350,War Dogs,65
330,Borat,65
295,A Fistful of Dollars,65
269,Transformers: Dark of the Moon,65
5,The Ballad of Buster Scruggs,65
773,Chicken Run,64
732,The Equalizer,64
693,From Russia With Love,64
686,Modern Times,64
614,Wonka,64
593,The Super Mario Bros. Movie,64
577,Mission: Impossible III,64
553,Penguins of Madagascar,64
540,Wendell & Wild,64
539,The Unbearable Weight of Massive Talent,64
535,The Road,64
525,To Catch a Thief,64
513,Starsky & Hutch,64
506,Doctor Strange in the Multiverse of Madness,64
432,A Serious Man,64
415,Midnight Run,64
385,Luca,64
340,Mystic River,64
304,Widows,64
289,The Way Back,64
258,Blazing Saddles,64
244,John Wick: Chapter 3 - Parabellum,64
229,A Beautiful Day in the Neighborhood,64
219,Ready or Not,64
167,You Were Never Really Here,64
123,Rise of the Planet of the Apes,64
114,What We Do In The Shadows,64
81,The Perfection,64
68,District 9,64
772,Fast and Furious 6,63
735,Barry Lyndon,63
701,Thunderball,63
683,Tom and Cherie,63
674,Ice Age,63
623,Safety Last!,63
578,Birds of Prey: Harley Quinn,63
566,The Meg,63
558,The Menu,63
511,Blood Diamond,63
498,Psych 2: Lassie Come Home,63
435,The Wrong Man,63
427,Dirty Rotten Scoundrels,63
353,Justice League: The Flashpoint Paradox,63
329,Murder on the Orient Express (1979),63
271,The Day After Tomorrow,63
214,Bad Boys for Life,63
120,Inherent Vice,63
63,Vice,63
26,The World's End,63
21,Darkest Hour,63
782,Nosferatu: A Symphony of Horror,62
780,The Man Who Shot Libery Valance,62
768,2 Fast 2 Furious,62
764,Alien: Covenant,62
756,Cape Fear,62
620,The Man Who Knew Too Much,62
604,Leave The World Behind,62
502,The Outfit,62
441,The French Dispatch,62
377,Bad Education,62
369,I Care A Lot,62
203,First Reformed,62
145,IT,62
93,Bad Times at the El Royale,62
72,"Hail, Caesar!",62
24,Bumblebee,62
633,Reservoir Dogs (1991 short film),61
446,Don't Look Up,61
423,The Guilty,61
399,"Batman: The Long Halloween, Part 2",61
147,The Informant!,61
263,Def Comedy Jam 25,60
195,John Mulaney and the Sack Lunch Bunch,60
159,Hostiles,60
158,Midsommar,60
515,Anchorman: The Legend of Ron Burgundy,59
410,The Amazing Spider-Man,59
328,"Planes, Trains, and Automobiles",59
180,Star Wars: Revenge of the Sith,59
461,Frankenstein,58
198,Call Me By Your Name,58
32,In Bruges,58
625,Dredd,57
579,Strays,57
547,Dracula (1931),57
504,The Treasure of the Sierra Madre,57
380,Fear Street: 1994,57
348,Black Panther,57
346,Guardians of the Galaxy Vol. 2,57
122,Annihilation,57
739,True Romance,56
738,The Last Black Man in San Francisco,56
733,Tinker Tailor Soldier Spy,56
715,Point Break,56
624,Lot No. 249,56
616,Donnie Brasco,56
596,Asteroid City,56
424,Mad Max,56
397,"Batman: The Long Halloween, Part 1",56
386,Fear Street: 1666,56
364,The Woman in the Window,56
296,Iron Man 3,56
253,Harry Potter and the Chamber of Secrets,56
58,Avengers: Age of Ultron,56
37,Eternal Sunshine of the Spotless Mind,56
775,A Shot In The Dark,55
766,Jarhead,55
606,Renfield,55
599,Transformers: Rise of the Beasts,55
584,Overlord,55
412,Reminiscence,55
383,Fear Street: 1978,55
332,Captain America: The First Avenger,55
309,Young Frankenstein,55
200,Bad Boys,55
17,Eighth Grade,55
769,The Fast and The Furious: Tokyo Drift,54
661,Black Panther: Wakanda Forever,54
603,Indiana Jones and the Dial of Destiny,54
580,Batman (1989),54
429,Last Night in Soho,54
351,Ant-Man and the Wasp,54
343,Basic Instinct,54
327,Hard Eight,54
774,The Devil Wears Prada,53
770,Fast & Furious,53
748,Over The Hedge,53
743,Sing 2,53
725,Spaceballs,53
706,Flushed Away,53
679,Puttin' on the Dog,53
663,The Marvels,53
576,Batman v. Superman: Dawn of Justice,53
569,John Wick: Chapter 4,53
554,Big Trouble in Little China,53
550,White Noise,53
549,Rush,53
500,Kingsman: The Golden Circle,53
447,No Sudden Move,53
381,Black Widow,53
372,The Italian Job (1969),53
354,Justice League: War,53
303,Pirates of the Caribbean: Dead Man's Chest,53
224,What Did Jack Do?,53
172,Star Wars: The Last Jedi,53
23,Solo: A Star Wars Story,53
632,The Great Train Robbery,52
507,The Adam Project,52
456,The Lost Daughter,52
428,Eternals,52
141,Captain Marvel,52
2,Moana,52
689,The Haunted House,51
449,Candyman (2019),51
413,Princess Mononoke,51
157,Blind Shaft,51
150,Sin Nombre,51
94,State of Play,51
610,The Blackening,50
521,Thor: Love and Thunder,50
359,The Comeback Trail,50
186,Star Wars: The Rise of Skywalker,50
75,"Synecdoche, New York",50
279,Blue Streak,49
256,Inside Man,49
76,Shark Tale,49
749,Team America: World Police,48
755,The Cheap Detective,47
681,The Framed Cat,47
647,Bodies Bodies Bodies,47
575,Man of Steel,47
516,I Now Pronounce You Chuck & Larry,47
452,Malcolm & Marie,47
54,Jackie,47
40,Transformers: Revenge of the Fallen,47
16,Velvet Buzzsaw,47
763,Prometheus,46
722,Speak No Evil (2022),46
714,Notorious (1946),46
581,The Flash,46
376,Grown Ups,46
333,Thor: The Dark World,46
312,Donnie Darko,46
246,Pokemon: Detective Pikachu,46
555,Dr. No,45
489,The House That Jack Built,45
331,Thor,45
723,Batman Returns,44
708,You Only Live Twice,44
685,Ice Age 2: The Meltdown,44
662,Ant-Man and the Wasp: Quantumania,44
587,Aquaman,44
398,Beckett,44
325,High Anxiety,44
236,Good Boys,44
230,Spectre,44
178,Star Wars: Attack of the Clones,44
776,Terrifier 3,43
670,Beverly Hills Cop: Axel F,43
588,Shazam!,43
508,Four Brothers,43
390,Pineapple Express,43
730,Treasure Planet,42
589,The Burial,42
196,Old School,42
28,Shaft,42
552,Dr. Jekyll and Mr. Hyde (1941),41
537,Amsterdam,41
484,Operation Finale,41
448,Candyman,41
78,Now You See Me,41
562,Terrifier 2,40
529,Minions: The Rise of Gru,40
520,Spiderhead,40
457,Avatar,40
206,Bad Boys II,39
651,X-Men: The Last Stand,38
409,Spider-Man 3,37
234,Speed Racer,37
528,Fury,36
213,Quantum of Solace,36
414,Venom,35
411,The Amazing Spider-Man 2,35
717,Sky Captain and the World of Tomorrow,34
710,Ghostbusters: Frozen Empire,34
644,Scoob!,34
602,Cocaine Bear,34
544,Molly's Game,34
204,Get Hard,34
82,Going in Style,34
523,The Gray Man,33
400,Gangster Squad,33
174,Star Wars: The Phantom Menace,33
781,Scooby-Doo,32
485,Body of Lies,32
417,The Incredible Hulk,31
155,The Laundromat,31
761,Please Speak Continuously,30
445,The Matrix Resurrections,30
118,Shaft (2019),30
15,Mandy,29
361,Kangaroo Jack,28
433,Gangs of New York,27
416,Titane,26
125,Independence Day,26
728,On Her Majesty's Secret Service,25
759,Alien 3,24
652,X-Men Origins: Wolverine,24
336,Sky High,24
762,Inception: The Cobol Job,23
753,Obsessed,23
476,Encanto,23
345,The Tree of Life,22
131,The Lion King (2019),22
609,Fast X,20
382,Solaris,20
261,Men in Black: International,20
572,Mission: Impossible II,19
656,X-Men: Apocalypse,16
527,Terrifier,16
434,Venom: Let There Be Carnage,16
618,The Archies,15
453,The Little Things,15
293,Man on Fire,14
640,The Invitation,12
617,Meg 2: The Trench,12
442,F9,11
431,The Card Counter,11
533,12 Kilometers,10
249,The Hustle,10
270,Transformers: Age of Extinction,8
288,Transformers: The Last Knight,5
426,Only God Forgives,4
778,The Next 365 Days,0
898,,
897,,
896,,
895,,
894,,
893,,
892,,
891,,
890,,
889,,
888,,
887,,
886,,
885,,
884,,
883,,
882,,
881,,
880,,
879,,
878,,
877,,
876,,
875,,
874,,
873,,
872,,
871,,
870,,
869,,
868,,
867,,
866,,
865,,
864,,
863,,
862,,
861,,
860,,
859,,
858,,
857,,
856,,
855,,
854,,
853,,
852,,
851,,
850,,
849,,
848,,
847,,
846,,
845,,
844,,
843,,
842,,
841,,
840,,
839,,
838,,
837,,
836,,
835,,
834,,
833,,
832,,
831,,
830,,
829,,
828,,
827,,
826,,
825,,
824,,
823,,
822,,
821,,
820,,
819,,
818,,
817,,
816,,
815,,
814,,
813,,
812,,
811,,
810,,
809,,
808,,
807,,
806,,
805,,
804,,
803,,
802,,
801,,
800,,
799,,
798,,
797,,
796,,
795,,
794,,
793,,
792,,
791,,
790,,